{
  "hash": "27800960",
  "configHash": "0fb19c9c",
  "lockfileHash": "b1955b83",
  "browserHash": "192fe645",
  "optimized": {
    "@angular/common": {
      "src": "../../../../../../node_modules/@angular/common/fesm2022/common.mjs",
      "file": "@angular_common.js",
      "fileHash": "30049b64",
      "needsInterop": false
    },
    "@angular/core": {
      "src": "../../../../../../node_modules/@angular/core/fesm2022/core.mjs",
      "file": "@angular_core.js",
      "fileHash": "b0be4e04",
      "needsInterop": false
    },
    "@angular/forms": {
      "src": "../../../../../../node_modules/@angular/forms/fesm2022/forms.mjs",
      "file": "@angular_forms.js",
      "fileHash": "9ffee54a",
      "needsInterop": false
    },
    "@angular/platform-browser": {
      "src": "../../../../../../node_modules/@angular/platform-browser/fesm2022/platform-browser.mjs",
      "file": "@angular_platform-browser.js",
      "fileHash": "4475190f",
      "needsInterop": false
    },
    "@angular/router": {
      "src": "../../../../../../node_modules/@angular/router/fesm2022/router.mjs",
      "file": "@angular_router.js",
      "fileHash": "c974da85",
      "needsInterop": false
    }
  },
  "chunks": {
    "chunk-PNWQ2IA7": {
      "file": "chunk-PNWQ2IA7.js"
    },
    "chunk-KCC24CNX": {
      "file": "chunk-KCC24CNX.js"
    },
    "chunk-QU6MX3AP": {
      "file": "chunk-QU6MX3AP.js"
    }
  }
}