{
  "hash": "0c27207a",
  "configHash": "70dc62c5",
  "lockfileHash": "6d9ba3a3",
  "browserHash": "bd2bb157",
  "optimized": {
    "@angular/common": {
      "src": "../../../../../../node_modules/@angular/common/fesm2022/common.mjs",
      "file": "@angular_common.js",
      "fileHash": "f0d8d7da",
      "needsInterop": false
    },
    "@angular/core": {
      "src": "../../../../../../node_modules/@angular/core/fesm2022/core.mjs",
      "file": "@angular_core.js",
      "fileHash": "83ca78ac",
      "needsInterop": false
    },
    "@angular/forms": {
      "src": "../../../../../../node_modules/@angular/forms/fesm2022/forms.mjs",
      "file": "@angular_forms.js",
      "fileHash": "200456c8",
      "needsInterop": false
    },
    "@angular/platform-browser": {
      "src": "../../../../../../node_modules/@angular/platform-browser/fesm2022/platform-browser.mjs",
      "file": "@angular_platform-browser.js",
      "fileHash": "ec03c9cf",
      "needsInterop": false
    },
    "@angular/router": {
      "src": "../../../../../../node_modules/@angular/router/fesm2022/router.mjs",
      "file": "@angular_router.js",
      "fileHash": "f59d8239",
      "needsInterop": false
    }
  },
  "chunks": {
    "chunk-PNWQ2IA7": {
      "file": "chunk-PNWQ2IA7.js"
    },
    "chunk-KCC24CNX": {
      "file": "chunk-KCC24CNX.js"
    },
    "chunk-QU6MX3AP": {
      "file": "chunk-QU6MX3AP.js"
    }
  }
}